content,Label
Unions representing workers at Turner   Newall say they are 'disappointed' after talks with stricken parent firm Federal Mogul.,Business
"SPACE.com - TORONTO, Canada -- A second\team of rocketeers competing for the  #36;10 million Ansari X Prize, a contest for\privately funded suborbital space flight, has officially announced the first\launch date for its manned rocket.",SciTech
"AP - A company founded by a chemistry researcher at the University of Louisville won a grant to develop a method of producing better peptides, which are short chains of amino acids, the building blocks of proteins.",SciTech
"AP - It's barely dawn when Mike Fitzpatrick starts his shift with a blur of colorful maps, figures and endless charts, but already he knows what the day will bring. Lightning will strike in places he expects. Winds will pick up, moist places will dry and flames will roar.",SciTech
"AP - Southern California's smog-fighting agency went after emissions of the bovine variety Friday, adopting the nation's first rules to reduce air pollution from dairy cow manure.",SciTech
"The British Department for Education and Skills (DfES) recently launched a ""Music Manifesto"" campaign, with the ostensible intention of educating the next generation of British musicians. Unfortunately, they also teamed up with the music industry (EMI, and various artists) to make this popular. EMI has apparently negotiated their end well, so that children in our schools will now be indoctrinated about the illegality of downloading music.The ignorance and audacity of this got to me a little, so I wrote an open letter to the DfES about it. Unfortunately, it's pedantic, as I suppose you have to be when writing to goverment representatives. But I hope you find it useful, and perhaps feel inspired to do something similar, if or when the same thing has happened in your area.",SciTech
"\\""Sven Jaschan, self-confessed author of the Netsky and Sasser viruses, is\responsible for 70 percent of virus infections in 2004, according to a six-month\virus roundup published Wednesday by antivirus company Sophos.""\\""The 18-year-old Jaschan was taken into custody in Germany in May by police who\said he had admitted programming both the Netsky and Sasser worms, something\experts at Microsoft confirmed. (A Microsoft antivirus reward program led to the\teenager's arrest.) During the five months preceding Jaschan's capture, there\were at least 25 variants of Netsky and one of the port-scanning network worm\Sasser.""\\""Graham Cluley, senior technology consultant at Sophos, said it was staggeri ...\\",SciTech
\\FOAF/LOAF  and bloom filters have a lot of interesting properties for social\network and whitelist distribution.\\I think we can go one level higher though and include GPG/OpenPGP key\fingerpring distribution in the FOAF file for simple web-of-trust based key\distribution.\\What if we used FOAF and included the PGP key fingerprint(s) for identities?\This could mean a lot.  You include the PGP key fingerprints within the FOAF\file of your direct friends and then include a bloom filter of the PGP key\fingerprints of your entire whitelist (the source FOAF file would of course need\to be encrypted ).\\Your whitelist would be populated from the social network as your client\discovered new identit ...\\,SciTech
"Wiltshire Police warns about ""phishing"" after its fraud squad chief was targeted.",SciTech
"In its first two years, the UK's dedicated card fraud unit, has recovered 36,000 stolen cards and 171 arrests - and estimates it saved 65m.",SciTech
"LOS ANGELES (Reuters) - A group of technology companies  including Texas Instruments Inc. &lt;TXN.N&gt;, STMicroelectronics  &lt;STM.PA&gt; and Broadcom Corp. &lt;BRCM.O&gt;, on Thursday said they  will propose a new wireless networking standard up to 10 times  the speed of the current generation.",SciTech
LOS ANGELES (Reuters) - Apple Computer Inc.&lt;AAPL.O&gt; on  Tuesday began shipping a new program designed to let users  create real-time motion graphics and unveiled a discount  video-editing software bundle featuring its flagship Final Cut  Pro software.,SciTech
"AMSTERDAM (Reuters) - Free Record Shop, a Dutch music  retail chain, beat Apple Computer Inc. to market on Tuesday  with the launch of a new download service in Europe's latest  battleground for digital song services.",SciTech
"A giant 100km colony of ants  which has been discovered in Melbourne, Australia, could threaten local insect species.",SciTech
"Dolphin groups, or ""pods"", rely on socialites to keep them from collapsing, scientists claim.",SciTech
Tyrannosaurus rex achieved its massive size due to an enormous growth spurt during its adolescent years.,SciTech
"Jet Propulsion Lab -- Scientists have discovered irregular lumps beneath the icy surface of Jupiter's largest moon, Ganymede. These irregular masses may be rock formations, supported by Ganymede's icy shell for billions of years...",SciTech
"European Space Agency -- ESAs Mars Express has relayed pictures from one of NASA's Mars rovers for the first time, as part of a set of interplanetary networking demonstrations.     The demonstrations pave the way for future Mars missions to draw on joint interplanetary networking capabilities...",SciTech
"When did life begin? One evidential clue stems from the fossil records in Western Australia, although whether these layered sediments are biological or chemical has spawned a spirited debate. Oxford researcher, Nicola McLoughlin, describes some of the issues in contention.",SciTech
"update Earnings per share rise compared with a year ago, but company misses analysts' expectations by a long shot.",SciTech
"By the end of the year, the computing giant plans to have its biggest headcount since 1991.",SciTech
Developers get early code for new operating system 'skin' still being crafted.,SciTech
New technology applies electrical fuses to help identify and repair faults.,SciTech
"Google has billed its IPO as a way for everyday people to get in on the process, denying Wall Street the usual stranglehold it's had on IPOs. Public bidding, a minimum of just five shares, an open process with 28 underwriters - all this pointed to a new level of public participation. But this isn't the case.",SciTech
"By MICHAEL LIEDTKE     SAN FRANCISCO (AP) -- With its low prices and iconoclastic attitude, discount stock broker Charles Schwab Corp. (SCH) represented an annoying stone in Wall Street's wing-tipped shoes for decades...",SciTech
Industry cyber security standards fail to reach some of the most vulnerable components of the power grid.\,SciTech
Michael Phelps won the gold medal in the 400 individual medley and set a world record in a time of 4 minutes 8.26 seconds.,Sports
"FOXBOROUGH -- Looking at his ridiculously developed upper body, with huge biceps and hardly an ounce of fat, it's easy to see why Ty Law, arguably the best cornerback in football, chooses physical play over finesse. That's not to imply that he's lacking a finesse component, because he can shut down his side of the field much as Deion Sanders ...",Sports
"With the weeks dwindling until Jason Varitek enters free agency, the Red Sox continue to carefully monitor Kelly Shoppach , their catcher of the future, in his climb toward the majors. The Sox like most of what they have seen at Triple A Pawtucket from Shoppach, though it remains highly uncertain whether he can make the adjustments at the plate ...",Sports
"Just imagine what David Ortiz could do on a good night's rest. Ortiz spent the night before last with his baby boy, D'Angelo, who is barely 1 month old. He had planned on attending the Red Sox' Family Day at Fenway Park yesterday morning, but he had to sleep in. After all, Ortiz had a son at home, and he ...",Sports
"In  quot;helping themselves, quot; Ricky Bryant, Chas Gessner, Michael Jennings, and David Patten did nothing Friday night to make Bill Belichick's decision on what to do with his receivers any easier.",Sports
"The Cleveland Indians pulled within one game of the AL Central lead by beating the Minnesota Twins, 7-1, Saturday night with home runs by Travis Hafner and Victor Martinez.",Sports
Canadian Press - VANCOUVER (CP) - The sister of a man who died after a violent confrontation with police has demanded the city's chief constable resign for defending the officer involved.,World
"AP - The man who claims Gov. James E. McGreevey sexually harassed him was pushing for a cash settlement of up to  #36;50 million before the governor decided to announce that he was gay and had an extramarital affair, sources told The Associated Press.",World
"NAJAF, Iraq - Explosions and gunfire rattled through the city of Najaf as U.S. troops in armored vehicles and tanks rolled back into the streets here Sunday, a day after the collapse of talks - and with them a temporary cease-fire - intended to end the fighting in this holy city...",World
"LOURDES, France - A frail Pope John Paul II, breathing heavily and gasping at times, celebrated an open-air Mass on Sunday for several hundred thousand pilgrims, many in wheelchairs, at a shrine to the Virgin Mary that is associated with miraculous cures.    At one point he said ""help me"" in Polish while struggling through his homily in French...",World
Supporters and rivals warn of possible fraud; government says Chavez's defeat could produce turmoil in world oil market.,World
AP - A 1994 law strengthened job protections for National Guard and Reserve troops called to active duty. Here are major provisions of the Uniformed Services Employment and Reemployment Rights Act (USERRA).,World
"TEHRAN (Reuters) - A senior Iranian military official said  Sunday Israel and the United States would not dare attack Iran  since it could strike back anywhere in Israel with its latest  missiles, news agencies reported.",World
"KABUL, Afghanistan - Government troops intervened in Afghanistan's latest outbreak of deadly fighting between warlords, flying from the capital to the far west on U.S. and NATO airplanes to retake an air base contested in the violence, officials said Sunday...",World
"AP - Randy Johnson took a four-hitter into the ninth inning to help the Arizona Diamondbacks end a nine-game losing streak Sunday, beating Steve Trachsel and the New York Mets 2-0.",Sports
"Reuters - Apparel retailers are hoping their\back-to-school fashions will make the grade among\style-conscious teens and young adults this fall, but it could\be a tough sell, with students and parents keeping a tighter\hold on their wallets.",Business
"AP - If Hurricane Charley had struck three years ago, President Bush's tour through the wreckage of this coastal city would have been just the sort of post-disaster visit that other presidents have made to the scenes of storms, earthquakes, floods and fires.",World
"FT.com - Shares in Sohu.com, a leading US-listed Chinese internet portal, fell more than 10 per cent on Friday after China's biggest mobile phone network operator imposed a one-year suspension on its multimedia messaging services because of customers being sent spam.",SciTech
"AP - Darin Erstad doubled in the go-ahead run in the eighth inning, lifting the Anaheim Angels to a 3-2 victory over the Detroit Tigers on Sunday. The win pulled Anaheim within a percentage point of Boston and Texas in the AL wild-card race.",Sports
AP - Outfielder J.D. Drew missed the Atlanta Braves' game against the St. Louis Cardinals on Sunday night with a sore right quadriceps.,Sports
"CARACAS, Venezuela (Reuters) - Venezuelans voted in huge  numbers on Sunday in a historic referendum on whether to recall  left-wing President Hugo Chavez and electoral authorities  prolonged voting well into the night.",World
"HONG KONG (Reuters) - Dell Inc. &lt;DELL.O&gt;, the world's  largest PC maker, said on Monday it has left the low-end  consumer PC market in China and cut its overall growth target  for the country this year due to stiff competition in the  segment.",SciTech
"BEIJING (Reuters) - Beijing on Monday accused a  Chinese-American arrested for spying for Taiwan of building an  espionage network in the United States, and said he could go on  trial very soon.",World
"Another major, another disappointment for Tiger Woods, the No. 1 ranked player in the world who has not won a major championship since his triumph at the 2002 U.S. Open.",Sports
"AFP - A squadron of US Air Force F-15E fighters based in Alaska will fly to South Korea next month for temporary deployment aimed at enhancing US firepower on the Korean peninsula, US authorities said.",World
NEW YORK (Reuters) - Randy Johnson struck out 14 batters in  8 1/3 innings to help the Arizona Diamondbacks end a nine-game  losing streak with a 2-0 win over the host New York Mets in the  National League Sunday.,Sports
"AFP - A curfew in the capital of the Maldives was eased but parliament sessions were put off indefinitely and emergency rule continued following last week's riots, officials and residents said.",World
TheDeal.com - The U.K. mobile giant wants to find a way to disentagle the Czech wireless and fixed-line businesses.,SciTech
"LONDON (Reuters) - The dollar dipped to a four-week low  against the euro on Monday before rising slightly on  profit-taking, but steep oil prices and weak U.S. data  continued to fan worries about the health of the world's  largest economy.",Business
"As Michael Kaleko kept running into people who were getting older and having more vision problems, he realized he could do something about it.",SciTech
AFP - India's Tata Iron and Steel Company Ltd. took a strategic step to expand its Asian footprint with the announcement it will buy the Asia-Pacific steel operations of Singapore's NatSteel Ltd.,World
"BAGHDAD, Iraq - Delegates at Iraq's National Conference called on radical Shiite cleric Muqtada al-Sadr to abandon his uprising against U.S. and Iraqi troops and pull his fighters out of a holy shrine in Najaf...",World
"NEW YORK (Reuters) - U.S. Treasury debt prices slipped on  Monday, though traders characterized the move as profit-taking  rather than any fundamental change in sentiment.",Business
NEW YORK (Reuters) - The dollar extended gains against the  euro on Monday after a report on flows into U.S. assets showed  enough of a rise in foreign investments to offset the current  account gap for the month.,Business
MILWAUKEE (Sports Network) - U.S. Ryder Cup captain Hal  Sutton finalized his team on Monday when he announced the  selections of Jay Haas and Stewart Cink as his captain's picks.,Sports
Jay Haas joined Stewart Cink as the two captain's picks for a U.S. team that will try to regain the cup from Europe next month.,Sports
"AP - American Natalie Coughlin won Olympic gold in the 100-meter backstroke Monday night. Coughlin, the only woman ever to swim under 1 minute in the event, finished first in 1 minute, 0.37 seconds. Kirsty Coventry of Zimbabwe, who swims at Auburn University in Alabama, earned the silver in 1:00.50. Laure Manaudou of France took bronze in 1:00.88.",Sports
"NewsFactor - Oracle (Nasdaq: ORCL) has revamped its sales-side CRM applications in version 11i.10 of its sales, marketing, partner relationship management and e-commerce application.",SciTech
"AFP - The United Nations launched an appeal here for 210 million dollars to help flood victims facing ""grave"" food shortages after two-thirds of Bangladesh was submerged, destroying crops and killing more than 700 people.",World
Government in South Indian state of Kerala sets up wireless kiosks as part of initiative to bridge digital divide.,SciTech
"PUNTA GORDA, Fla. - Urban rescue teams, insurance adjusters and National Guard troops scattered across Florida Monday to help victims of Hurricane Charley and deliver water and other supplies to thousands of people left homeless...",World
"SANTA MARIA, Calif. - Fans of Michael Jackson erupted in cheers Monday as the pop star emerged from a double-decker tour bus and went into court for a showdown with the prosecutor who has pursued him for years on child molestation charges...",World
AP - The Charlotte Bobcats traded center Predrag Drobnjak to the Atlanta Hawks on Monday for a second round pick in the 2005 NBA draft.,Sports
"Canadian Press - LANGLEY, B.C. (CP) - Police have arrested a man in the kidnapping and sexual assault of an 11-year-old girl that frightened this suburban Vancouver community last week.",World
"Red Flag Software Co., the company behind China's leading Linux client distribution, plans to focus more on its server operating system and enterprise customers, the company's acting president said.",SciTech
"AOL Properties Sign Girafa For Thumbnail Search Images\\Girafa.com Inc. announced today that the CompuServe, Netscape, AIM and ICQ properties of America Online, Inc., have signed an agreement with Girafa to use Girafa's thumbnail search images as an integrated part of their search results.\\Using Girafa's thumbnail search service, search users can ...",SciTech
"AP - NASA's Cassini spacecraft has spied two new little moons around satellite-rich Saturn, the space agency said Monday.",SciTech
An industrial city northwest of Moscow struggles as AIDS hits a broader population.,World
"AP - A Nobel laureate in medicine said Monday the Bush administration's limits on funding for embryonic stem cell research effectively have stopped the clock on American scientists' efforts to develop treatments for a host of chronic, debilitating diseases.",SciTech
"AP - Prosecutors suffered another setback Monday in the Kobe Bryant sexual assault case, losing a last-ditch attempt to keep the NBA star's lawyers from telling jurors about the alleged victim's sex life.",Sports
"Reuters - China has said no date has been set for\working-level talks on the North Korean nuclear crisis and gave\no indication that the meeting has been canceled, Australian\Foreign Minister Alexander Downer said on Tuesday.",World
"The Redskins expect huge things from 300-pound Cornelius Griffin, who was signed to aid the team's weakest unit - the defensive line.",Sports
"AFP - The last surviving American defector to communist North Korea wants to tell his story to put a human face on the Stalinist state which he believes is unfairly vilified abroad, British film-makers said.",World
Richard Faulds and Stephen Parry are going for gold for Great Britain on day four in Athens.,World
"Reuters - Democratic challenger John Kerry\has a commanding lead over President Bush in California of 54\percent to 38 percent among likely voters, a poll released on\Tuesday found.",World
"ATHENS (Reuters) - At the beach volleyball, the 2004  Olympics is a sell-out, foot-stomping success.",Sports
LONDON (Reuters) - The dollar held steady near this week's  four-week low against the euro on Tuesday with investors  awaiting a German investor confidence survey and U.S. consumer  inflation numbers to shed light on the direction.,Business
"SAN FRANCISCO -- In the latest of a series of product delays, Intel Corp. has postponed the launch of a video display chip it had previously planned to introduce by year end, putting off a showdown with Texas Instruments Inc. in the fast-growing market for high-definition television displays.",Business
CARACAS -- Venezuelans voted resoundingly to keep firebrand populist Hugo Chavez as their president in a victory that drew noisy reactions yesterday from both sides in the streets. International observers certified the results as clean and accurate.,World
AFP - Hong Kong democrats accused China of jailing one of their members on trumped-up prostitution charges in a bid to disgrace a political movement Beijing has been feuding with for seven years.,World
AP - Shares of Kmart Holding Corp. surged 17 percent Monday after the discount retailer reported a profit for the second quarter and said chairman and majority owner Edward Lampert is now free to invest the company's  #36;2.6 billion in surplus cash.,Business
"AP - Former chess champion Bobby Fischer's announcement thathe is engaged to a Japanese woman could win him sympathy among Japanese officials and help him avoid deportation to the United States, his fiancee and one of his supporters said Tuesday.",World
"ATHENS, Greece - Top American sprinters Jason Lezak and Ian Crocker missed the cut in the Olympic 100-meter freestyle preliminaries Tuesday, a stunning blow for a country that had always done well in the event.    Pieter van den Hoogenband of the Netherlands and Australian Ian Thorpe advanced to the evening semifinal a day after dueling teenager Michael Phelps in the 200 freestyle, won by Thorpe...",World
"A proposal backed by a coalition of telephone carriers would cut billions of dollars in fees owed by long-distance companies to regional phone giants but would allow the regional companies to make up some of the difference by raising monthly phone bills for millions of consumers. &lt;FONT face=""verdana,MS Sans Serif,arial,helvetica"" size=""-2""\ color=""#666666""&gt;&lt;B&gt;-The Washington Post&lt;/B&gt;&lt;/FONT&gt;",SciTech
"KABUL (Reuters) - The United States has brokered a  cease-fire between a renegade Afghan militia leader and the  embattled governor of the western province of Herat,  Washington's envoy to Kabul said Tuesday.",World
Keep an eye on your credit card issuers -- they may be about to raise your rates.,Business
"In another product postponement, semiconductor giant Intel Corp. said it won't be offering a chip for projection TVs by the end of 2004 as it had announced earlier this year.",SciTech
"NEW YORK (CNN/Money) - Money managers are growing more pessimistic about the economy, corporate profits and US stock market returns, according to a monthly survey by Merrill Lynch released Tuesday.",Business
Olympic champion Kostas Kederis today left hospital ahead of his date with IOC inquisitors claiming his innocence and vowing:  quot;After the crucifixion comes the resurrection. quot; ...,Sports
"NEWCASTLE, England (AP) - England coach Sven-Goran Eriksson said Tuesday he isn #39;t under any extra pressure in the aftermath of a scandal that damaged the Football Association #39;s reputation.",Sports
"NEWCASTLE, England (AP) - Striker Emile Heskey has pulled out of the England squad ahead of Wednesday #39;s friendly against Ukraine because of a tight hamstring, the Football Association said Tuesday.",Sports
"NEW YORK (Reuters) - Staples Inc. &lt;A HREF=""http://www.investor.reuters.com/FullQuote.aspx?ticker=SPLS.O target=/stocks/quickinfo/fullquote""&gt;SPLS.O&lt;/A&gt;, the top U.S.  office products retailer, on Tuesday reported a 39 percent jump  in quarterly profit, raised its full-year forecast and said it  plans to enter the fast-growing Chinese market, sending its  shares higher.",Business
"AGHDAD, Iraq, Aug. 17  A delegation of Iraqis was delayed for security reasons today but still intended to visit Najaf to try to convince a rebellious Shiite cleric and his militia to evacuate a shrine in the holy city and end ...",World
"WASHINGTON (Reuters) - U.S. consumer prices dropped in July  for the first time in eight months as a sharp run up in energy  costs reversed, the government said in a report that suggested  a slow rate of interest rate hikes is likely.",Business
"An Indian army major shot his way to his country #39;s first ever individual Olympic silver medal on Tuesday, while in the same event an member of Dubai #39;s ruling family became the first ever medallist from the United Arab Emirates.",Sports
"Rising fuel prices, a bugbear for most of the retail sector, are helping Home Depot (HD:NYSE - news - research), the remodeling giant that reported a surge in second-quarter earnings Tuesday and guided the rest of the year higher.",Business
"BEIJING, Aug. 17 (Xinhuanet) -- China is carrying out a nationwide campaign to crack down on  quot;phone sex quot; services, paralleling another sweeping operation against Internet pornography, Minister of Information Industry Wang Xudong said here Tuesday.",SciTech
Charly Travers offers advice on withstanding the volatility of the biotech sector.,Business
"Just what Alexander Downer was thinking when he declared on radio last Friday that  quot;they could fire a missile from North Korea to Sydney quot; is unclear. The provocative remark, just days before his arrival yesterday on his second visit to the North Korean ...",World
"ATHENS (Reuters) - World 100 meters champion Torri Edwards  will miss the Athens Olympics after her appeal against a  two-year drugs ban was dismissed on Tuesday, a source told  Reuters.",Sports
"NEW YORK - Stocks rose for a second straight session Tuesday as a drop in consumer prices allowed investors to put aside worries about inflation, at least for the short term.    With gasoline prices falling to eight-month lows, the Consumer Price Index registered a small drop in July, giving consumers a respite from soaring energy prices...",World
"Ilias Iliadis of Greece thrilled the home crowd Tuesday, beating Roman Gontyuk of Ukraine to win the gold medal in the 81-kilogram class.",Sports
"AFP - Sudan will take the lead in restoring order to its rebellious Darfur region but needs the support of African peacekeepers and humanitarian aid, Foreign Minister Mustafa Osman Ismail said.",World
The battle over home entertainment networking is heating up as a coalition proposes yet another standard for the IEEE #39;s consideration.,SciTech
Web giant Yahoo! is gambling that price cuts on its domain name registration and Web hosting products will make it more competitive with discounters in the space -- which means that small businesses looking to move online get a sweeter deal through ...,Business
"IBM said Tuesday it has acquired a pair of Danish IT services firms as part of its effort to broaden its presence in Scandinavia. As a result of the moves, IBM will add about 3,700 IT staffers to its global head count. Financial terms of ...",SciTech
"Motorola plans to sell mobile phone network equipment that uses Linux-based code, a step forward in network gear makers #39; efforts to rally around a standard.",SciTech
"Microsoft will delay the release of its SP2 update for another week to fix software glitches. But not everyone is quite so eager to install the SP2 update for Windows XP. In fact, many companies have demanded the ability to prevent their ...",SciTech
"Reuters - Two new moons were spotted around\Saturn by the Cassini space probe, raising the total to 33\moons for the ringed planet, NASA said on Monday.",SciTech
There are remarkable similarities between the 2004 Ohio State Buckeyes and those that won the national championship just two years ago.,Sports
The new IBM Power5 eServer i5 550 also features higher performance and new virtualization capabilities that allow it to run multiple operating systems at once on separate partitions.,SciTech
"Newsday #146;s Stephen Williams reports on seeing Sony #146;s NW-HD1 audio player in a store:  #147; #145;How #146;s it compare to the iPod? #146; I asked a salesman.  #145;Battery life is a lot longer, up to 30 hours, #146; he said.  #145;The LCD readout is kind of dim, #146; I said.   #146;Battery life is a lot longer, #146; he said.  #145;I understand it can #146;t play MP3 files, #146; I said.  #145;Battery life is a lot longer, #146; he said. #148; Aug 17",SciTech
"Mills Corp. agreed to purchase a 50 percent interest in nine malls owned by General Motors Asset Management Corp. for just over \$1 billion, creating a new joint venture between the groups. The deal will extend ...",Business
ATHENS -- The mistakes were so minor. Carly Patterson #39;s foot scraping the lower of the uneven bars. Courtney Kupets #39; tumbling pass that ended here instead of there. Mohini Bhardwaj #39;s slight stumble on the beam.,Sports
"The price of oil has continued its sharp rise overnight, closing at a record high. The main contract in New York, light sweet crude for delivery next month, has closed at a record \$US46.75 a barrel - up 70 cents on yesterday #39;s close.",World
"quot;It hurt like hell. I could see (Thorpe) coming up. But when I was breathing, I saw my team going crazy -- and that really kept me going. quot; ...",Sports
"It wasn #39;t the first to go small, and it won #39;t be the biggest producer, but AMD #39;s (Quote, Chart) 64-bit 90-nanometer (nm) chips are expected to make waves in the semiconductor pool.",SciTech
"LONDON, AUGUST 17: Britain charged eight terror suspects on Tuesday with conspiracy to commit murder and said one had plans that could be used in striking US buildings that were the focus of security scares this month.",World
"NewsFactor - IBM (NYSE: IBM) has -- again -- sought to have the pending legal claims by The SCO Group dismissed. According to a motion it filed in a U.S. district court, IBM argues that SCO has no evidence to support its claims that it appropriated confidential source code from Unix System V and placed it in Linux.",SciTech
NEW YORK - The newly released traffic crash fatality data have something for everyone in the debate about the safety of sport utility vehicles.,Business
A CANADIAN husband #39;s love for his wife has led to a tightening of security at all Olympic venues in Athens.,Sports
"Now that everybody in and around USA Basketball has breathed a huge sigh of relief, let #39;s not get carried away.",Sports
"-- The United States men #39;s basketball team capped off a big day for the USA by fighting off Greece for a vital win, 77-71.  quot;They played with heart, quot; said Coach Larry Brown.  quot;That #39;s all you can ask. quot; ...",Sports
"BAGHDAD, Iraq - A national political conference #39;s bid to end the fighting in the Shiite Muslim holy city of Najaf appeared to have failed Tuesday.",World
"TBILISI, Georgia  Georgian President Mikhail Saakashvili appealed to world leaders Tuesday to convene an international conference on the conflict in breakaway South Ossetia, where daily exchanges of gunfire threaten to spark ...",World
"AFP - Georgian and South Ossetian forces overnight accused each other of trying to storm the other side's positions in Georgia's breakaway region of South Ossetia, as four Georgian soldiers were reported to be wounded.",World
"BOSTON -- It was another busy day on the medical front for the Red Sox, as a series of roster moves were announced prior to Tuesday night #39;s game against the Blue Jays.",Sports
"AP - John Kerry, Bob Kerrey. It's easy to get confused.",World
"AP - William H. Harlan, the retired University of Florida swimming coach who led the Gators to eight conference titles, died Tuesday, school officials said. He was 83.",Sports
"THENS, Aug. 17 - So Michael Phelps is not going to match the seven gold medals won by Mark Spitz. And it is too early to tell if he will match Aleksandr Dityatin, the Soviet gymnast who won eight total medals in 1980. But those were not the ...",Sports
"Three-year-old Victoria, from St Petersburg, has been living at the Schrders #39; family home in Hanover in northern Germany for several weeks.",World
"AP - Orlando Cabrera hit a run-scoring double off the Green Monster in the ninth inning on reliever Justin Speier's second pitch of the game, giving the Boston Red Sox a 5-4 win over the Toronto Blue Jays on Tuesday night.",Sports
Sheik Ahmed bin Hashr Al-Maktoum earned the first-ever Olympic medal for the United Arab Emirates when he took home the gold medal in men #39;s double trap shooting on Tuesday in Athens.,Sports
"Israel announced plans for 1,000 houses in the West Bank yesterday, accelerating the expansion of the settlements.",World
"AP - At least one member of the top-ranked Southern California football team is under investigation for sexual assault, the Los Angeles Police Department said Tuesday.",Sports
"President Bush, in Pennsylvania, said that opponents of a missile defense system were putting the nation's security at risk.",World
BEIJING (Reuters) - China breathed a measured sigh of relief after the skills of its basketball giant Yao Ming dwarfed New Zealand to sweep his team nearer to their goal of reaching the Athens Olympics semi-finals.,Sports
"A leaked Israeli plan to build 1,000 new Jewish settler homes in the West Bank yesterday sent Bush administration officials scrambling for a response in the sensitive period before November #39;s presidential election.",World
"LONDON - British police charged eight terrorist suspects yesterday with conspiring to commit murder and use radioactive materials, toxic gases, chemicals or explosives to cause  quot;fear or injury. quot; ...",World
"Islamic group #39;s armed wing, the Izz el-Deen al-Qassam Brigades. Doctors said he suffered leg wounds.",World
"ENVER, Aug. 17 - Victor Zambrano came to the Mets with radical movement on his pitches, fixable flaws in his delivery and a curious sore spot lingering around his right elbow.",Sports
TOKYO (Reuters) - The dollar moved in tight ranges on  Wednesday as most investors shrugged off lower-than-expected  U.S. inflation data and stuck to the view the U.S. Federal  Reserve would continue raising rates.,Business
"Right-hander Matt Morris threw seven solid innings, but the Cardinals needed a bases-loaded walk to second baseman Tony Womack and a grand slam from new right fielder Larry Walker to key a six-run eighth inning for a ...",Sports
"ATHENS (Reuters) - Greek sprinters Costas Kenteris and Katerina Thanou have arrived at an Athens hotel for an International Olympic Committee (IOC) hearing into their missed doped tests, a saga that has shamed and angered the Olympic host ...",Sports
BOSTON -- The Toronto Blue Jays have had worse hitting games this season against lesser pitchers than Pedro Martinez.,Sports
"Renewed clashes in South Ossetia, which resulted in death of two Georgian soldiers, erupted late on August 17, several hours after the South Ossetian and Georgian officials agreed on ceasefire. As a result Tbilisi has already announced that it will not ...",World
"Paul Hamm takes another shot at history tonight, when he'll try to become the first American to win the Olympic men's all-around in gymnastics.",Sports
Reuters - Afghanistan's President Hamid Karzai\promised Afghans greater security when they go to vote in the\country's first ever democratic election during an independence\day speech on Wednesday.,World
"SAN JOSE, Calif. - In a sign that Google Inc.'s initial public offering isn't as popular as expected, the company lowered its estimated price range to between \$85 and \$95 per share, down from the earlier prediction of \$108 and \$135 per share...",World
Students at the Mount Sinai School of Medicine learn that diet and culture shape health in East Harlem.,World
LONDON (Reuters) - Oil prices surged to a new high of \$47 a  barrel on Wednesday after a new threat by rebel militia against  Iraqi oil facilities and as the United States said inflation  had stayed in check despite rising energy costs.,Business
ATHENS (Reuters) - Greece #39;s two top athletes have pulled out of the Athens Olympics and apologised to the Greek people for a scandal over missed dope tests that has tarnished the Games #39; return to their birthplace.,Sports
"ATHENS (Reuters) - A weary Michael Phelps targeted his  fourth Olympic gold medal in Athens, turning his attention on  Wednesday to the 200 meters individual medley and settling for  the second-fastest overall time in the heats.",Sports
GAZA (Reuters) - A senior Hamas leader survived an Israeli  assassination attempt in the Gaza Strip Wednesday but at least  five other Palestinians were killed in the explosion that tore  through his home.,World
"SAN FRANCISCO -- With the first doubleheader at SBC Park set to go off, today already stood to be a long workday for the Giants. It will come on the heels of an even longer night.",Sports
USATODAY.com - The Securities and Exchange Commission is expected to vote Wednesday to prohibit mutual fund companies from funneling stock trades to brokerage firms that agree to promote their funds to investors.,Business
"RealNetworks has kicked off what it claims is the biggest online music sale in history. For a limited time, every song in the firm #39;s RealPlayer Music Store can be downloaded for 49 cents, with most albums available for \$4.99.",SciTech
"HONG KONG (Dow Jones)--China Mobile (Hong Kong) Ltd. (CHL), the listed unit of China #39;s biggest cellular phone operator, posted Wednesday a 7.8 rise in first-half net profit on a 23 increase in its subscriber base.",Business
"NEW YORK (Reuters) - Monsanto Co. &lt;A HREF=""http://www.investor.reuters.com/FullQuote.aspx?ticker=MON.N target=/stocks/quickinfo/fullquote""&gt;MON.N&lt;/A&gt; on Wednesday said  the U.S. Justice Department has closed an inquiry into  potential antitrust issues regarding a key ingredient used in  its Roundup herbicide.",Business
Cox Communications Inc. #39;s board of directors has formed a special committee of independent directors to consider Cox Enterprises Inc. #39;s proposal to take the company private in a \$8 billion stock buyout.,Business
Afghan women made a short-lived debut in the Olympic Games on Wednesday as 18-year-old judo wildcard Friba Razayee was defeated after 45 seconds of her first match in the under-70kg middleweight.,Sports
Several Minnesota police departments are field testing a handheld device that scans a suspect's fingerprint and digitally checks it against Minnesota's criminal history and fingerprint database.,SciTech
AP - Discount retailer Ross Stores Inc. Wednesday said its profit fell about 40 percent in the latest quarter due to problems with a new computer system that limited the company's ability to respond to changes in customer demand.,SciTech
ATHENS : Dutch cycling great Leontien Zijlaard-van Moorsel emotionally defended her Olympic time trial gold medal here.,Business
AMSTERDAM  Cyclist Leontien Zijlaard-Van Moorsel won the first gold medal for the Netherlands at the Athens Olympic Games on Wednesday.,Sports
"NEW YORK (Reuters) - Kroger Co., the top U.S. grocer, on  Tuesday posted a 29 percent rise in quarterly profit due to  cost controls, but price cuts to lure shoppers caused earnings  to miss Wall Street estimates and shares fell.",Sports
"Major League Soccer's two expansion teams, Real Salt Lake and Club Deportivo Chivas USA, will join the Western Conference for the 2005 season.",Business
AP - The Indiana Pacers activated center Jeff Foster from the injured list Tuesday.,Sports
"CHICAGO (Reuters) - U.S. airlines have agreed to limit  flights into Chicago's O'Hare International Airport to 88  arrivals per hour between 7 a.m. and 8 p.m. in an effort to cut  congestion that has slowed the whole U.S. aviation system,  federal officials said on Wednesday.",Sports
"CHICAGO (Reuters) - Medtronic Inc. &lt;A HREF=""http://www.investor.reuters.com/FullQuote.aspx?ticker=MDT.N target=/stocks/quickinfo/fullquote""&gt;MDT.N&lt;/A&gt; on Wednesday  said its quarterly earnings rose amid brisk demand for devices  that manage irregular heart beats and products used to treat  the spine.",Business
Federal officials today announced plans to temporarily cut 37 flights operating at Chicago's O'Hare International Airport to help reduce the delay problems that ripple across the country.,Business
"Health care and consumer products maker Johnson  amp; Johnson (JNJ.N: Quote, Profile, Research) is in negotiations to acquire medical-device maker Guidant Corp.",Business
Australian insurer AMP returned to the black in the first half of the year with net profits of A\$378m (150m) after a disastrous foray into Britain pushed it A\$2.16 billion into the red last year.,Business
"CHICAGO (Reuters) - Medtronic Inc. &lt;A HREF=""http://www.investor.reuters.com/FullQuote.aspx?ticker=MDT.N target=/stocks/quickinfo/fullquote""&gt;MDT.N&lt;/A&gt; on Wednesday  said its quarterly earnings rose on brisk demand for devices  that manage irregular heart beats and products used to treat  the spine.",Business
Descriptions of urban afflictions and images of giant mosquitoes and cockroaches to convey a sense of how Houston is nevertheless beloved by many residents.,Business
Credit Suisse Group announced plans to merge its Credit Suisse First Boston Securities unit with the rest of the company #39;s operations and cut as many as 300 jobs.,Business
Reuters - U.S. shoppers have kept a tight grip\on their wallets this holiday season with indices on Tuesday\showing sluggish sales in the second week of the  season.,Business
"Hurricane Charley, the worst storm to hit the US in over a decade, will cost insurers just \$7.4bn, one insurance expert estimates.",Business
Bank of America Corp. yesterday laid off hundreds of workers at Fleet bank branches across the Northeast as the North Carolina bank began to implement its brand of ...,Business
"Being freelance wine critics may sound like a sweet gig, but Ray and Eleanor Heald have soured on it. Because their home state, Michigan, blocks direct shipments from out-of-state",Business
"WASHINGTON -- The price of oil charged to a new high above \$47 a barrel yesterday amid nagging concerns about instability in Iraq, the uncertain fate of Russian petroleum giant Yukos, and the world's limited supply cushion.",Business
"NEW YORK (Reuters) - Shares of Google Inc. will make their  Nasdaq stock market debut on Thursday after the year's most  anticipated initial public offering priced far below initial  estimates, raising \$1.67 billion.",Business
"Australia #39;s flagship carrier Qantas Airways has reported a record annual net profit but warned oil prices threatened its performance, increasing the chance of a hike in ticket price surcharges to offset its fuel bill.",Business
"The state of Maine, Rite Aid Corp., and Community Pharmacy LP have agreed to a consent decree placing conditions on the sale of five Community Pharmacy stores to Rite Aid.",Business
"MARK COLVIN: Qantas might have posted yet another record profit, but the national carrier #39;s boss, Geoff Dixon, claims earnings are being hampered by unfair subsidies for international carriers allowed to fly in and out of Australia.",Business
"LONDON (Reuters) - Oil prices struck a fresh record above  \$48 a barrel on Thursday, spurred higher by renewed violence in  Iraq and fresh evidence that strong demand growth in China and  India has not been slowed yet by higher energy costs.",Business
"A closely watched measure of future economic activity fell in July for the second consecutive month, reinforcing evidence that the nation's financial recovery is slackening.",Business
"NEW YORK (Reuters) - Colgate-Palmolive Co. &lt;A HREF=""http://www.investor.reuters.com/FullQuote.aspx?ticker=CL.N target=/stocks/quickinfo/fullquote""&gt;CL.N&lt;/A&gt; will cut  about 4,400 jobs, or 12 percent of its work force, and close  nearly a third of its factories under a restructuring, the  consumer products company said on Tuesday.",Business
"AP - Ohio authorities sued Best Buy Co. Inc. on Thursday, alleging the electronics retailer engaged in unfair and deceptive business practices.",Business
"China is interested in participating in the bidding for Yuganskneftegaz, the top oil-producing subsidiary of the Russian oil giant Yukos, a Chinese economic official was quoted as saying in a report Thursday by the Russian news agency Interfax. The ...",Business
"Attorney General Jim Petro is suing Best Buy, alleging the electronics retailer has engaged in unfair and deceptive business practices.",Business
NEW YORKFewer Americans lined up to claim first-time jobless benefits last week but analysts said the modest decline said very little about the current state of the labour market.,Business
"Vermont's Republican governor challenged the Bush administration's prescription drug policy in federal court yesterday, marking the first time a state has chosen a legal avenue in the expanding battle over Canadian imports.",Business
"Montana jury orders oil firm to pay up over gas pipeline leak from 1955; company plans to appeal. NEW YORK (Reuters) - A Montana jury ordered ChevronTexaco Corp., the number two US oil company, to pay \$40.3 million for environmental damage from a gasoline ...",Business
"&lt;A HREF=""http://www.investor.reuters.com/FullQuote.aspx?ticker=RSE.N target=/stocks/quickinfo/fullquote""&gt;RSE.N&lt;/A&gt; jumped before the bell after General Growth  Properties Inc. &lt;A HREF=""http://www.investor.reuters.com/FullQuote.aspx?ticker=GGP.N target=/stocks/quickinfo/fullquote""&gt;GGP.N&lt;/A&gt;, the No. 2 U.S. shopping mall owner, on  Friday said it would buy Rouse for \$7.2 billion.",Business
"Tertiary index comes in at almost double expectations, drives up yen and helps Nikkei overcome oil. LONDON (Reuters) - The yen hit a four-week high against the dollar Friday as stronger-than-expected Japanese service sector data raised optimism about the ...",Business
"In the stock #39;s first day of trading, investors bought, sold and flipped shares at a furious pace, with the price ending just above \$100 - 18 percent higher than where it started. It was, in other words, everything the company #39;s founders, Sergy Brin and ...",Business
"With the much-ballyhooed initial public offering of Google behind them and oil chugging to a new record high, investors took a step back today.",Business
"Closing a factory is never popular, but it's the right thing to do.",Business
"The latest data from the US Department of Commerce further bolsters what we have all suspected: E-commerce sales are increasing. Not only might one suspect that consumer confidence has been bolstered since last year, there ...",Business
"WASHINGTON (Reuters) - The U.S. Food and Drug  Administration plans to update antidepressant labels to reflect  studies that suggest a link between the drugs and suicide in  youths, but remains cautious about the strength of such ties,   according to documents released on Friday.",Business
UAL's United Airlines will have a 30-day extention on the period in which it can file an exclusive bankruptcy reorganization plan.,Business
NewsFactor - Amazon.com (Nasdaq: AMZN) has said it will buy Joyo.com Limited -- a British Virgin Islands company that operates the largest Internet retail Web site in China -- for US #36;75 million.,Business
"Reuters - A U.S. appeals court ruled on Friday\that Arch Coal Inc. (ACI.N) may proceed with its bid to buy the\assets of rival Triton Coal Co. LLC, denying an emergency\request by the Federal Trade Commission to block the deal, a\spokesman for the agency said.",Business
"NEW YORK (Reuters) - U.S. Treasury prices paused for breath  on Tuesday after a blistering two-session rally ran out of  steam, though analysts still saw room to the upside given the  large short-base in the market.",Business
"Samsung Electronics, the world #39;s second largest computer chip manufacturer, yesterday said that it would invest Won25,000bn (\$24bn) in its semiconductor business by 2010 to generate",Business
"Caracas, Venezuela - The results of an audit support the official vote count showing that President Hugo Chavez won this month #39;s recall referendum in Venezuela, the head of the Organization of American States said Saturday.",Business
"NEW YORK (Reuters) - If there were any doubts that we're  still living in the era of the stay-at-home economy, the rows  of empty seats at the Athens Olympics should help erase them.",Business
"When oil prices rise, public interest in alternative energy often does, too. But the logic is evidently escaping Wall Street.",Business
China will spend about \$3.4 billion over two to three years laying thousands of miles of oil pipelines to help secure its energy supply in the face of soaring prices and demand.,Business
"CONSUMER goods maker Colgate-Palmolive said today it would cut about 12 per cent of its 37,000-person work force and close a third of its factories worldwide as part of a four-year restructuring.",Business
The price of oil looks set to grab headlines as analysts forecast that its record-breaking run may well continue.,Business
"AP - High oil prices, which have been a factor in virtually all U.S. recessions over the past three decades, are surging again this year. And the higher crude oil prices climb, the more risk energy costs pose to what, until recently, many expected to be a banner year for the U.S. economy.",Business
"Japanese stocks have failed to measure up to an assessment made in April by Merrill Lynch #39;s chief global strategist, David Bowers, who said Japan was  quot;very much everyone #39;s favorite equity market.",Business
"Aug. 23, 2004 (TheDeal.com) Problem-plagued Nortel Networks Corp. announced plans Thursday, Aug. 19, to eliminate an additional 3,500 jobs and fire seven more senior executives as the company labors to reinvent",Business
"TOKYO - Japan #39;s benchmark Nikkei stock index briefly recovered to the 11,000 level Monday morning on widespread buying prompted by advances in US shares last Friday.",Business
"Hong Kong Financial Secretary Henry Tang said he believed Hong Kong has walked out of the consumer price deflation cycle that lingered for 68 months, according to the consumer price index trend in the past few years.",Business
"In terms of dollar value, of all the products in the world, nothing is traded more than oil. Crude oil traded above 47 dollars a barrel for the first time this week.",Business
Venezuela #39;s President Hugo Chavez has announced that he will no longer recognize the Democratic Coordination or CD as the opposition coalition.,Business
"AP - The productivity of America's workers grew at a 1.8 percent annual rate in the third quarter, the slowest pace in nearly two years, the government reported Tuesday.",Business
Australian budget airline Virgin Blue announced Monday it will increase the fuel surcharge it adds to ticket prices from Aug. 26 because of soaring oil prices.,Business
"LONDON, August 23 (New Ratings) - ARM Holdings (ARM.ETR) has agreed to buy Artisan Components Inc (ARTI), a US-based provider of integrated circuit designing solutions, for about \$913 million (503.",Business
LONDON (Reuters) - The dollar bounced off recent four-week  lows against the euro and yen on Monday in thin August trade  with investors focusing on U.S. data and a speech by the  Federal Reserve chief later in the week.,Business
"NEW YORK (Reuters) - Retailer Kmart Holdings Corp. &lt;A HREF=""http://www.investor.reuters.com/FullQuote.aspx?ticker=KMRT.O target=/stocks/quickinfo/fullquote""&gt;KMRT.O&lt;/A&gt;  on Monday said it finalized a deal to sell 18 of its stores to  Home Depot Inc. &lt;A HREF=""http://www.investor.reuters.com/FullQuote.aspx?ticker=HD.N target=/stocks/quickinfo/fullquote""&gt;HD.N&lt;/A&gt; for \$271 million.",Business
Employers and workers are confused by eligibility and classification of the new regulations.,Business
"Reuters - Southwest Airlines Inc. (LUV.N), the\largest U.S. discount carrier, on Monday said it will eliminate\88 scheduled flights in order to boost revenue by freeing up\planes for more lucrative markets.",Business
"A business columnist has resigned from the Seattle Times after admitting he plagiarized the work of other journalists, said the newspaper.",Business
"British students spend about \$1.8 billion on drink every year, nearly three times as much as they cough up for books, a survey released on Monday showed.",Business
"Undergraduates in the city earn more than 90 a week on average, just behind Glasgow, Cambridge and Cardiff. Their hard-earned cash is likely to be spent on looking good and socialising, the",Business
"Defense contractor Northrop Grumman Corp. on Monday said it received a 10-year, \$408 million Army contract to provide simulated battle command training support to Army corps commanders - the latest award in",Business
The price of oil has fallen as fears about interruptions to supplies being pumped out of Iraq eased slightly.,Business
"&lt;p&gt;\&lt;/p&gt;&lt;p&gt; By Andrew Mitchell&lt;/p&gt;&lt;p&gt; LONDON (Reuters) - High-flying oil prices eased for a\second session on Monday as Iraq resumed exports from both its\northern and southern outlets after lengthy disruption, despite\fierce fighting in the holy city of Najaf.&lt;/p&gt;",Business
Botswana's giant Debswana diamond mining firm says it will sack workers who carry on with an illegal stoppage.,Business
"NEW YORK (Reuters) - U.S. blue chips were near the  unchanged mark on Monday as a disappointing sales forecast from  retailer Wal-Mart Stores Inc. &lt;A HREF=""http://www.investor.reuters.com/FullQuote.aspx?ticker=WMT.N target=/stocks/quickinfo/fullquote""&gt;WMT.N&lt;/A&gt; dampened sentiment,  offsetting the benefit of easing oil prices.",Business
Independent observers confirmed that the random auditing of results from the recall referendum (Sunday August 15) against Venezuelan president Hugo Chavez show there are no indications of fraud as claimed by the opposition.,Business
Philippine president Gloria Arroyo warned that her country is in the midst of a fiscal crisis. A report by economists at the University of the Philippines said the country faces economic collapse,Business
"NEW YORK (Reuters) - Americans paid their credit card bills  on time at a record high level in June, sending credit card  delinquencies to their lowest level in four years, Moody's  Investors Service said on Monday.",Business
OTTAWA -- A local firm that says it can help shrink backup times at large data centres is growing its business thanks to an alliance with Sun Microsystems Inc.,Business
New Bush administration rules that scale back overtime eligibility for white-collar workers took effect on Monday over protests that they would slash paychecks at a time of economic uncertainty.,Business
"TOKYO (Reuters) - The dollar held on to the previous day's  gain on Tuesday, supported by a retreat in oil prices and  upbeat comments on the U.S. economy from Federal Reserve  officials.",Business
"THE phoney war over the fate of Abbey grinds on. Along the way, on all sides, it is producing its predictable crop of knowing winks and destabilising nudges.",Business
"New overtime rules have taken effect in the United States that the government says will strengthen workers #39; rights, but opponents say will significantly reduce workers #39; pay.",Business
"blackhawk writes  quot;SAS Braathens, the Norwegian unit of Scandinavian airline SAS, will cut Oslo routes to Geneva and London Gatwick in the first step of a plan to eliminate 10 routes.",Business
